{
  "dataset": "dbpedia_14",
  "total_samples": 560000,
  "category_distribution": {
    "Company": 40000,
    "EducationalInstitution": 40000,
    "Artist": 40000,
    "Athlete": 40000,
    "OfficeHolder": 40000,
    "MeanOfTransportation": 40000,
    "Building": 40000,
    "NaturalPlace": 40000,
    "Village": 40000,
    "Animal": 40000,
    "Plant": 40000,
    "Album": 40000,
    "Film": 40000,
    "WrittenWork": 40000
  },
  "text_statistics": {
    "title": {
      "mean_length": 18.8498,
      "median_length": 17.0,
      "min_length": 2.0,
      "max_length": 171.0,
      "std_length": 8.935861575855858,
      "q1_length": 13.0,
      "q3_length": 23.0,
      "p90_length": 30.0,
      "mean_word_count": 2.38445,
      "median_word_count": 2.0,
      "vocabulary_richness": 0.1264973633672506
    },
    "content": {
      "mean_length": 281.3993660714286,
      "median_length": 282.0,
      "min_length": 3.0,
      "max_length": 13561.0,
      "std_length": 137.90790763077413,
      "q1_length": 164.0,
      "q3_length": 400.0,
      "p90_length": 459.0,
      "mean_word_count": 27.23470357142857,
      "median_word_count": 27.0,
      "vocabulary_richness": 0.09678310207889912
    }
  },
  "top_words_by_category": {
    "Company": [
      [
        "company",
        29955
      ],
      [
        "founded",
        10650
      ],
      [
        "based",
        10189
      ],
      [
        "services",
        6116
      ],
      [
        "group",
        5925
      ],
      [
        "which",
        5643
      ],
      [
        "united",
        4971
      ],
      [
        "label",
        4960
      ],
      [
        "new",
        4873
      ],
      [
        "also",
        4809
      ],
      [
        "inc",
        4483
      ],
      [
        "largest",
        4205
      ],
      [
        "owned",
        4193
      ],
      [
        "known",
        4157
      ],
      [
        "one",
        4124
      ],
      [
        "headquartered",
        4105
      ],
      [
        "american",
        4054
      ],
      [
        "international",
        3962
      ],
      [
        "products",
        3951
      ],
      [
        "corporation",
        3737
      ],
      [
        "states",
        3649
      ],
      [
        "bank",
        3634
      ],
      [
        "records",
        3484
      ],
      [
        "first",
        3444
      ],
      [
        "software",
        3340
      ]
    ],
    "EducationalInstitution": [
      [
        "school",
        87877
      ],
      [
        "high",
        30616
      ],
      [
        "university",
        22270
      ],
      [
        "located",
        20963
      ],
      [
        "college",
        20506
      ],
      [
        "public",
        12595
      ],
      [
        "students",
        12186
      ],
      [
        "schools",
        10223
      ],
      [
        "district",
        10064
      ],
      [
        "education",
        8330
      ],
      [
        "secondary",
        7491
      ],
      [
        "county",
        6923
      ],
      [
        "founded",
        6887
      ],
      [
        "one",
        6309
      ],
      [
        "new",
        5877
      ],
      [
        "city",
        5761
      ],
      [
        "private",
        5650
      ],
      [
        "established",
        5548
      ],
      [
        "part",
        5107
      ],
      [
        "academy",
        5069
      ],
      [
        "united",
        5046
      ],
      [
        "catholic",
        4954
      ],
      [
        "state",
        4750
      ],
      [
        "states",
        4563
      ],
      [
        "campus",
        4505
      ]
    ],
    "Artist": [
      [
        "born",
        24721
      ],
      [
        "known",
        12448
      ],
      [
        "american",
        11894
      ],
      [
        "music",
        7527
      ],
      [
        "singer",
        6963
      ],
      [
        "also",
        6915
      ],
      [
        "who",
        6135
      ],
      [
        "best",
        5824
      ],
      [
        "writer",
        5279
      ],
      [
        "artist",
        5155
      ],
      [
        "band",
        5098
      ],
      [
        "new",
        4960
      ],
      [
        "musician",
        4296
      ],
      [
        "first",
        4106
      ],
      [
        "one",
        4002
      ],
      [
        "which",
        3795
      ],
      [
        "author",
        3750
      ],
      [
        "work",
        3576
      ],
      [
        "name",
        3406
      ],
      [
        "member",
        3354
      ],
      [
        "producer",
        3325
      ],
      [
        "painter",
        3246
      ],
      [
        "composer",
        3198
      ],
      [
        "march",
        3197
      ],
      [
        "january",
        3176
      ]
    ],
    "Athlete": [
      [
        "born",
        33605
      ],
      [
        "who",
        19360
      ],
      [
        "played",
        18419
      ],
      [
        "football",
        16877
      ],
      [
        "league",
        13705
      ],
      [
        "professional",
        12077
      ],
      [
        "player",
        10911
      ],
      [
        "footballer",
        10442
      ],
      [
        "plays",
        8916
      ],
      [
        "former",
        8648
      ],
      [
        "team",
        7750
      ],
      [
        "american",
        7277
      ],
      [
        "currently",
        7190
      ],
      [
        "national",
        7048
      ],
      [
        "won",
        5436
      ],
      [
        "world",
        5007
      ],
      [
        "also",
        4683
      ],
      [
        "playing",
        4520
      ],
      [
        "club",
        4498
      ],
      [
        "baseball",
        4303
      ],
      [
        "hockey",
        4212
      ],
      [
        "january",
        4180
      ],
      [
        "career",
        4170
      ],
      [
        "olympics",
        4053
      ],
      [
        "summer",
        3992
      ]
    ],
    "OfficeHolder": [
      [
        "born",
        21203
      ],
      [
        "politician",
        18496
      ],
      [
        "member",
        17755
      ],
      [
        "served",
        12594
      ],
      [
        "district",
        10109
      ],
      [
        "house",
        9439
      ],
      [
        "party",
        8859
      ],
      [
        "who",
        8613
      ],
      [
        "state",
        8277
      ],
      [
        "minister",
        8133
      ],
      [
        "january",
        6564
      ],
      [
        "representatives",
        6363
      ],
      [
        "american",
        6329
      ],
      [
        "former",
        6143
      ],
      [
        "elected",
        6022
      ],
      [
        "since",
        5914
      ],
      [
        "president",
        5631
      ],
      [
        "first",
        5624
      ],
      [
        "democratic",
        5550
      ],
      [
        "united",
        5275
      ],
      [
        "republican",
        5045
      ],
      [
        "assembly",
        5013
      ],
      [
        "states",
        4881
      ],
      [
        "november",
        4841
      ],
      [
        "march",
        4739
      ]
    ],